Insurance_Type,Denial_Flag,Claim_ID,Denial_Rate
Corporate,1878,11307,16.609180153886975
Government,4538,16990,26.709829311359623
Private,2679,22988,11.653906385940491
Self-Pay,267,5715,4.671916010498688
