Accuracy,Precision,Recall,F1_Score,ROC_AUC
0.5801666666666667,0.21700554528650648,0.5941295546558705,0.31789872732196045,0.605539670378137
