Month,Forecasted_Revenue,Lower_Bound,Upper_Bound,Forecast_Growth_%
2025-02,"2,37,54,222","18,14,999","4,56,93,444",36.30546363782766
2025-03,"2,12,74,789","-,75,47,237","5,00,96,814",22.078089204543808
2025-04,"2,22,46,428","-1,28,14,718","5,73,07,574",27.653508521154713
2025-05,"2,18,65,663","-1,82,36,635","6,19,67,960",25.468614835970165
2025-06,"2,20,14,877","-2,26,47,763","6,66,77,516",26.324830331966464
2025-07,"2,19,56,403","-2,68,11,443","7,07,24,248",25.989296854728988
