Accuracy,Precision,Recall,F1_Score,ROC_AUC
0.6265833333333334,0.24609770930468275,0.6143724696356275,0.35142567665364016,0.6607887022562853
